{"count":1,"self":260.65553919999996,"total":260.697951,"children":{"AgentResetIfDone":{"count":16037,"self":0,"total":0,"children":null},"AgentSendState":{"count":16037,"self":0.012831599999999999,"total":0.0162918,"children":{"CollectObservations":{"count":32074,"self":0.0034601999999999996,"total":0.0034601999999999996,"children":null}}},"DecideAction":{"count":16037,"self":0.0251319,"total":0.0251319,"children":null}}}