{"count":1,"self":21.263340799999998,"total":44.3589221,"children":{"AgentResetIfDone":{"count":64917,"self":0.2176765,"total":0.2176765,"children":null},"AgentSendState":{"count":64917,"self":0.092241099999999993,"total":0.1455076,"children":{"CollectObservations":{"count":7881,"self":0.053266499999999994,"total":0.053266499999999994,"children":null}}},"DecideAction":{"count":64917,"self":18.0762128,"total":22.4892288,"children":{"AgentInfo.ToProto":{"count":7881,"self":0.15704569999999998,"total":4.4130161999999995,"children":{"RenderTexSensor.GetCompressedObservation":{"count":7881,"self":4.2559704,"total":4.2559705,"children":null}}}}},"AcademyStep":{"count":64917,"self":0.0437385,"total":0.0437385,"children":null},"AgentAct":{"count":64917,"self":0.197429,"total":0.197429,"children":null}}}